first_name,last_name,gender
Donald,Waterfield,M
Mickey,Baasha,M
Jiji,Sharma,M
Blair,Diaz,M
Charles,Wolfe,M
Thomas,ONeill,M
Sonny,Beckett,M
Cedric,Coltrane,M
Hank,Spencer,M
Rick,Bennett,M
Woody,Bashir,M
Tom,Halliwell,M
John,West,M
Jon,Doggett,M
Nino,Andrews,M
John,Farley,M
Jim,Thomas,M
Roderick,Payne,M
Sam,Threep,M
Roland,Edge,M
Don,Wiggum,M
Anthony,Maxwell,M
James,Sullivan,M
Charles,Andonuts,M
Don,Edwards,M
Stone,Cutting,M
Neil,Allan,M
Cross,Gordon,M
Harry,Kuramitsu,M
Gary,Ramotswe,M
Phil,Chester,M
Phil,Beckett,M
Gregory,James,M
Bruno,Wolfe,M
Will,Manu,M
Woody,Riviera,M
Rocky,Donahue,M
Roland,Murphy,M
Shiro,Whale,M
Haiku,Alpert,M
Joseph,Justin,M
Danny,Hardbroom,M
Billy,Jones,M
Kazuki,Ranall,M
Mike,Mars,M
Reginald,Jackson,M
Ernest,Clarkson,M
Matt,Goergen,M
Nick,Walker,M
Frank,Capone,M
Sam,Spratt,M
Mendy,Strate,M
Hal,Riviera,M
Gene,Edwards,M
Jonny,Christian,M
Emmett,Erin,M
Harry,Soprano,M
Richard,Davis,M
Olwyn,Chino,M
John,Stape,M
Casanova,Dresden,M
Freddie,Landsman,M
Moe,Provenza,M
Beanie,Nelson,M
William,Templin,M
David,Beresford,M
Norman,Gregory,M
Briareos,Hayes,M
Chen,Baasha,M
Indiana,Kingsley,M
Henry,Hernandez,M
Teddy,McGrath,M
Salvatore,Neutron,M
Harry,Graf,M
Stanley,Bean,M
Derek,Burbank,M
King,Arden,M
Lyan,Russo,M
Thomas,Fortune,M
Priestley,DAmico,M
Arnold,Love,M
Haiku,Shaft,M
Vin,Smyth,M
Kenny,Skelton,M
Jackie,Dean,M
Robbie,Wilde,M
Lou,Vincent,M
Elvis,Maroni,M
Mike,Madison,M
Reginald,Cavor,M
Kurt,Turtle,M
Scott,Corinthos,M
David,Redfield,M
Sonny,Waterman,M
Jeff,Tyrell,M
Jefferson,Hally,M
Daneel,Carpenter,M
Kazuki,Scarpetta,M
Robert,Page,M
Marty,Carrington,M
Valentin,Mackey,M
Emmett,Colbock,M
Frank,Carrow,M
Jack,Stewart,M
David,Bustamonte,M
Phil,Uzuki,M
Michael,Henderson,M
Bernard,Karidian,M
Doyle,Starr,M
Guido,Lonnegan,M
Cary,Henderson,M
Freddy,Johnson,M
Manick,Fletcher,M
Elvis,Kennedy,M
Jack,Wesley,M
Lenny,Holmes,M
John,Pearle,M
Wilfred,Vincent,M
Martin,Schultz,M
Matt,Celine,M
Subhash,Vercetti,M
Henry,Kennedy,M
Corrado,McGrew,M
Miles,Mace,M
Thomas,Duquesne,M
Jon,Guarnaccia,M
Ben,Seldon,M
Tom,Kowalski,M
Andy,Kammerer,M
Michael,Jeter,M
Magnus,Ferrari,M
Silvio,Nayagan,M
Daniel,Nelson,M
Leonard,Sacrimoni,M
Lester,Maximoff,M
Shion,Rivers,M
Robert,Brockman,M
Art,Fane,M
Mike,Johnson,M
Thomas,Matthews,M
Willie,Dingle,M
Aniki,Leotardo,M
Primo,Bushell,M
Logan,Tao,M
Joseph,Halifax,M
Bruce,Brown,M
Emil,McCrary,M
Jack,Valentine,M
Dante,Fuhrey,M
Marvin,Dredd,M
Bill,Capone,M
Bruno,Kaiba,M
Vladimir,Hiatt,M
John,Papandrao,M
Derek,Nappa,M
Michael,ORourke,M
Alex,Riviera,M
Richard,Bigelow,M
Jack,Allgood,M
John,Crockett,M
Roger,Sanders,M
Mickey,Fisk,M
Lyan,Heriot,M
Ted,Breaker,M
Bruno,Poppins,M
Gary,Blake,M
Mycroft,McGee,M
Ricardo,Andrews,M
Paul,Vondopoulos,M
Jeffrey,Pascoe,M
Matt,Franchetti,M
Terence,Gaucho,M
Harold,Buchanan,M
Dirk,Lindley,M
Peter,Tennan,M
Otis,Munson,M
Sam,Lester,M
Paul,Tau,M
John,McCrimmon,M
Morgan,Harkness,M
Ben,Stracci,M
Bo,McCoy,M
Peter,Robert,M
Jason,Hopper,M
Harry,Sofer,M
Lucky,Batt,M
Jim,Beckett,M
Frank,Johnson,M
Lloyd,Kennedy,M
Max,Sternin,M
Bryan,Skywalker,M
Stephen,Hajime,M
Danny,Magnus,M
Ted,OHara,M
Peter,Rook,M
David,Schultz,M
Mike,Hammer,M
Guy,Shimura,M
Vance,Weathers,M
Joe,Snyder,M
Marshal,Hawkes,M
Cedric,Morgan,M
Vernon,Halliwell,M
Rocky,Kavanaugh,M
Don,Vallance,M
Jack,Renault,M
Lew,Vondopoulos,M
Barney,Atwater,M
Jon,Landsman,M
Truman,Lockwood,M
Truman,Kennedy,M
Ernest,Poirot,M
Adam,Stillman,M
Kurt,Beltzer,M
Abe,Osborne,M
Kingo,Frye,M
Walter,Harkness,M
Herr,Hinkley,M
Buzz,Vajda,M
James,Ichi,M
Rick,Mowbray,M
Tony,Smith,M
Miles,McClure,M
Julius,Montalbano,M
Simon,Dresden,M
Lonnie,Bulstrode,M
Rob,Mackey,M
John,Hill,M
Velu,Galv?n,M
Eben,Quest,M
Richard,Wyatt,M
Barney,Smith,M
John,Grissom,M
Grant,Halliwell,M
Miles,Quince,M
Jeff,Powers,M
Adam,Hecatonchires,M
Nicky,Shimura,M
Gil,Sigel,M
Gordon,Swift,M
Licio,Lupertazzi,M
Pablo,Treskovna,M
Mickey,Heath,M
Marvin,Jaffe,M
Wayne,Neutron,M
Wellington,Torres,M
Peter,PiNeiro,M
Vincent,Blackwood,M
Milo,Holliwell,M
Beppe,Sigel,M
Nero,Archer,M
Joseph,Miller,M
Mickey,Drama,M
Gerard,Holloway,M
Luis,Rosenberg,M
Louie,Wong,M
Frank,Anderson,M
Ethan,Maureen,M
Roderick,Eckhart,M
John,Olsen,M
Tom,Pike,M
Tom,Lovegood,M
Teddy,Melinda,M
Ismael,Brearly,M
Dominic,Poppins,M
Tony,Lamb,M
Kurt,Sanderson,M
Hercule,Kuramitsu,M
Herb,Bloom-Wood,M
David,White,M
Spiros,Mangel,M
Louie,Sydnor,M
Morgan,Brennan,M
Otis,Forbin,M
Michael,Flood,M
Oliver,Corneo,M
Mac,Noble,M
Constantin,Hughes,M
Morgan,Soong,M
Sonny,Scott,M
Marty,Cropper,M
Marid,Unser,M
Rory,Deth,M
Cy,Kasen,M
Donald,Maine,M
Max,Wilson,M
Kymani,Winters,M
Norbert,Strange,M
Kingo,Haruko,M
Cy,Ferguson,M
Moe,Russo,M
Don,Zatara,M
Bill,Erin,M
Harry,Harkness,M
Thomas,Pike,M
Dan,Boddicker,M
Phil,Manu,M
Sean,Rivers,M
Rosco,Brockman,M
Vincent,Rooney,M
Cash,Alvin,M
Mickey,Swanson,M
Robert,Daggett,M
Avon,Travis,M
Tsunayoshi,Cammeniti,M
Marcus,Jackson,M
Gregory,White,M
Bill,Watson,M
Callum,Toombs,M
Harry,Parkinson,M
Hal,Travis,M
Anthony,Robert,M
Gary,Graf,M
Geordi,Kiriakis,M
Art,Wycliffe,M
Basil,Kolchak,M
Robin,Hightower,M
Boris,Krueger,M
Martin,Arden,M
George,Magliozzi,M
Emil,Owens,M
Michael,Klump,M
Ryan,Umbridge,M
Juan,Davies,M
Byron,Briscoe,M
Peter,Hajime,M
Troy,Stone,M
Thomas,Clover,M
Barry,Cooper,M
Art,Franklin,M
Brian,Sullivan,M
William,Purbright,M
Brut,Burbank,M
Adam,Piquel,M
Joey,White,M
Mickey,Carling,M
Jeffrey,McGrath,M
Elvis,Whale,M
Milo,Yarby,M
Jaki,Granger,M
Will,Provenza,M
Arjen,Punchinello,M
Anthony,Kingdom,M
Carmine,Greene,M
Ted,Owens,M
Alan,Hardbroom,M
Andy,Vale,M
Morgan,Garibaldi,M
Spiros,Heiji,M
Art,Appleton,M
Paulie,Dieudonne,M
William,Allen,M
Harry,Travers,M
Rob,Barton,M
Clark,Smyth,M
Ottilio,Burrell,M
Raymond,Cherrytree,M
Frank,Dalma,M
Stanislaus,Schibetta,M
Holt,Randall,M
Ricky,Clericuzio,M
Leland,Molly,M
Andy,Weasley,M
Drogulous,Halliwell,M
Peter,Khan,M
Dominic,Toombs,M
Carlos,Jason,M
Sonny,Kirk,M
Joe,Vitti,M
Jack,Henderson,M
Signor,Selden,M
Stanley,Hinkley,M
Ben,Dalziel,M
Knox,Rocco,M
Pardot,Smart,M
Daniel,Shore,M
Bruce,Brockman,M
Leonard,Taylor,M
Giacomo,Carver,M
Adam,Sugden,M
Carl,Sheldon,M
Uri,Falcon,M
Ichabod,Tura,M
Phil,Sanchez,M
Donald,Arturo,M
Paul,Wolfe,M
Jason,Baasha,M
Gary,Hufflepuff,M
Bill,Vallance,M
David,Snyder,M
Don,Khan,M
Donald,Crowley,M
Giacomo,Waterfield,M
Signor,Forelli,M
Ismael,Jonas,M
Eben,Corneo,M
Joey,Hammer,M
Dirk,Castang,M
Bruce,Corleone,M
Harold,Ichi,M
Henry,Rebus,M
Jake,Owens,M
Hal,Cooper,M
Brut,Schorr,M
Henry,Fairweather,M
Richard,Appleton,M
Woodsy,Crane,M
David,Milo,M
Will,Harvey,M
Bo,Halliwell,M
Roderick,Landsman,M
Carl,Drake,M
Paulie,OMalley,M
Alex,Wesley,M
Paul,Smyth,M
Gary,Bardo,M
Reginald,Barnaby,M
Michael,Pratt,M
Marvin,Yurinov,M
Stanley,Abruzzi,M
Ronnie,Maxwell,M
Donald,Corleone,M
Bruce,Castang,M
Don,Justice,M
Billy,Vimes,M
Joseph,Ferguson,M
Kirk,Trent,M
Ernie,Dyson,M
Axel,Norris,M
Tom,Knight,M
Sam,Haruko,M
Matt,Righetti,M
Hank,Parker,M
Avon,Dalgliesh,M
Mike,Hamilton,M
Julian,Fuyutsuki,M
Jake,Alvin,M
Dale,Kuramitsu,M
Jerry,Greener,M
John,Spuckler,M
Daniel,Cole,M
Christopher,Bigelow,M
Leo,Fowler,M
V?ctor,Moss,M
Grant,Cragge,M
Sam,Sugden,M
Tom,Fanucci,M
Henry,Martin,M
Cliff,Cusack,M
Vijay,Stein,M
John,Jenkins,M
Evan,Cortez,M
Harry,Goodspeed,M
Holt,Reed,M
Nero,Jacobs,M
Paul,MacLeod,M
Javier,Jordan,M
Kiranin,Parkinson,M
Samuel,Littlefield,M
Charles,Banks,M
Joe,Strepfinger,M
Stephen,Cochrane,M
Shiro,Lin,M
Tracy,French,M
Tem,Mangel,M
Timmy,Steiger,M
Wayne,Stewart,M
Oliver,Michaels,M
David,Kennedy,M
Tugg,Sydnor,M
Kurt,Willis,M
Eddie,Peroni,M
Ian,Leigh,M
Cross,Kiriakis,M
Tim,Miller,M
Kazuki,Patil,M
Jonathan,Prefect,M
Kyle,Sanderson,M
Langdale,Cole,M
Bryan,Calculus,M
Jaki,Maroni,M
Phil,Peabody,M
Peter,Lane,M
Howard,Cortez,M
Tex,Robert,M
Tony,Crusher,M
Gregory,Lockwood,M
Dale,Sigel,M
Moe,Smith,M
Henry,Stewart,M
Mendy,Farrell,M
Tugg,Travis,M
Kevin,Bonasera,M
Simon,Brown,M
Marcus,Garrick,M
Santiago,Lake,M
Nero,Baldi,M
Marvin,Foyle,M
Shane,Fraser,M
Richard,Real,M
Jake,Adebisi,M
Manick,Archer,M
Jake,Schrader,M
Jay,Hastings,M
Carmine,Hunter,M
Simon,Spellman,M
Dion,Vincent,M
Bruno,Sugden,M
Matthew,Costigan,M
Charles,Gonzales,M
Leslie,Uzuki,M
Bunk,Swift,M
David,Heath,M
John,Daniels,M
Antonio,Crockett,M
Gary,Shimura,M
Marid,Sanada,M
Ottilio,McNulty,M
Al,Edwards,M
Walter,Morgan,M
Haley,Crusher,M
Troy,Lionel,M
Joe,Dingle,M
Carl,Gordon,M
Chucky,Skilbeck,M
Paul,Leotardo,M
Sal,Larsen,M
Jack,Argyros,M
Jonathan,Willing,M
Oliver,Hughes,M
Abraham,Crandall,M
Cash,Cunningham,M
Sam,Vitoller,M
Eddie,Elgin,M
Neil,Wildhack,M
Alejandro,Greener,M
Wade,Hill,M
Alberto,Walker,M
Gregory,Barnes,M
John,Lang,M
David,Rook,M
Bruce,Lawson,M
Rick,Williams,M
Keith,MacLean,M
Willie,Wolf,M
Alan,Xavier,M
Gary,Harkness,M
Jack,Colon,M
Marid,Vaughn,M
Obidiah,Maxime,M
Santino,Barillo,M
Robert,Mars,M
Johnny,Antony,M
Wendell,Hunt,M
Velu,ONeill,M
David,Gently,M
Dusty,Manu,M
Ben,Tate,M
Joel,Orville,M
Sam,Wilson,M
Calvin,McGee,M
Fred,Osborne,M
Eddie,Cole,M
Jonah,McCoy,M
Tochiro,Riviera,M
Franz,Morris,M
Bo,Wallenquist,M
Jeff,Thornton,M
Will,Holliwell,M
Tom,Jenkins,M
Seto,Malvern,M
Charlie,Martin,M
Morgan,Webber,M
Hecky,Cragen,M
Norbert,Larsen,M
Luke,Taylor,M
Manick,Cao,M
Benjamin,Flood,M
Jackson,Kennedy,M
Hal,Thorndyke,M
Tony,Baily,M
Cash,Haruko,M
Franz,Melinda,M
Joe,Kennedy,M
Carmine,Klump,M
Emilio,Maureen,M
Alphonse,Carver,M
Phil,Capone,M
Tobias,Guerrard,M
Salvatore,Pond,M
Vic,Glicker,M
John,Kojak,M
Nick,Andrews,M
James,Harrison,M
Perry,Bradley,M
Roderick,Bottom,M
Jabba,Purbright,M
Aniki,Arden,M
James,Cortez,M
Frank,Maine,M
Al,Hardy,M
Raymond,Mallory,M
Enos,Sanderson,M
Avery,Fidelma,M
Simon,Kammerer,M
Jefferson,Brockman,M
Anthony,Challis,M
Sherlock,Sidle,M
Jack,Garlick,M
Jay,Munroe,M
Jimmy,Serrano,M
Don,Poppins,M
Alex,Soze,M
Angelo,Rosenberg,M
Theo,Parkinson,M
Roman,Gordon,M
Edward,Martin,M
Matt,Sanderson,M
Harold,Weber,M
Tom,Martin,M
Anthony,Carter,M
Moses,Thackeray,M
Jiji,Guerrero,M
Carmine,Finskter,M
Truman,Mancini-Corleone,M
Nick,Lopez-Fitzgerald,M
David,Lonnegan,M
Spenser,McKay,M
Woody,Wallace,M
Thomas,Falcone,M
Pat,Halliwell,M
Ned,Thackeray,M
Lucky,Crane,M
William,Kent,M
Vinnie,Fraser,M
Lester,Nash,M
Peter,Mannheim,M
Lucky,Deakins,M
Damon,Brennan,M
Tulio,Napoli,M
Wellington,Canlaster,M
Norman,Corleone,M
Thomas,Morris,M
Ervin,Aran,M
James,Stillman,M
Danny,"De Lena",M
Emilio,Banks,M
Asuka,Gaucho,M
Avon,Tony,M
Nino,Marley,M
Lester,Forbin,M
Francis,Coccotti,M
Danny,Troy,M
Les,Morgan,M
Sam,Carr,M
Donald,Sisco,M
Danny,Nichols,M
Thomas,Lowe,M
James,Tanner,M
Steven,Kent,M
Vic,Kegedi,M
Al,Merry,M
Bill,Willows,M
Tony,Stephens,M
Larry,Ferguson,M
Jonathan,McAllister,M
Maxim,Trivino,M
Gary,Neri,M
Philip,Nolan,M
Shion,Klump,M
Harry,Leotardo,M
Hal,Artisan,M
George,Iosefa,M
Joseph,Flinstone,M
Rex,Lynley,M
Marvin,Bolt,M
Jimmy,Lewis,M
Anubis,Boxer,M
Chris,Michaels,M
Stanislaus,Cavanaugh,M
Don,Haruko,M
Steven,Urameshi,M
Charles,Denovitz,M
Harold,Maraschino,M
Theo,Garlick,M
Roland,Hanover,M
John,Cooper,M
Cully,Billa,M
Elvis,Kaiser,M
Andrew,Peace,M
Joe,Waterman,M
Marid,Randall,M
Roman,Banzai,M
Van,Davenport,M
Jack,Goren,M
Al,Travis,M
Jimmy,Stiles,M
Tony,Milbury,M
Emmett,DiGeorge,M
Meyer,Bell,M
Lester,Taylor,M
Tracy,Omovich,M
Don,Clouseau,M
Ri,DAmato,M
Tom,Meacham,M
Manick,Bergman,M
Roger,Sears,M
Thomas,Redfield,M
John,Devine,M
Jimmy,Barret,M
Ray,Hoare,M
Henry,Starr,M
Lao,Elms,M
Don,Baily,M
Michael,Falcon,M
Saito,Tony,M
Jim,Grant,M
Harry,Dalton,M
Jake,Gravelli,M
Ronnie,Mace,M
Johnny,Jackson,M
Frank,Mason,M
Miguel,Whitlock,M
Meyer,Holden,M
Arnold,Tate,M
Ottilio,Smirnoff,M
Hans,Yang,M
Alberto,Bennett,M
Peter,Olivaw,M
Achille,Travis,M
George,Gudmundsdottir,M
Paul,Bluenight,M
James,Gordon,M
Tubby,Sacrimoni,M
Grant,Kelso,M
James,Reilly,M
Neville,Porlock,M
Norman,Scott,M
Darryl,Che,M
Donald,Preston,M
Don,Vargas,M
Nero,Chandler,M
Paul,Sagdiyev,M
Don,Thorndyke,M
Chris,Crosby,M
Vislor,Stape,M
Roderick,Sun,M
Alan,Skye,M
Eddie,Flynn,M
Alejandro,Omovich,M
Walter,Jones,M
Gil,Lowrey,M
Bill,Russo,M
Wilfred,Russo,M
Carlito,Bek,M
Miles,Chang,M
Arnold,Burnett,M
Curtis,Ichi,M
Will,Pancamo,M
Tristan,Kelso,M
David,Soprano,M
Callum,Rosetta,M
Massimo,Vincent,M
Alexei,Banzai,M
Nick,Serizawa,M
Matthew,Patil,M
Laszlo,Kaiba,M
Escobar,Fansler,M
Dick,Thomas,M
Eddie,Gharty,M
Howard,Warbeck,M
Carl,Costigan,M
John,Martin,M
Thomas,Moreland,M
Larry,Swirling,M
Allan,Stewart,M
Primo,Drew,M
Sam,Bek,M
William,"De Lena",M
Dale,Tan,M
Holland,Tam,M
Bernard,Goren,M
Simon,Boyce,M
Jack,McArthur,M
Garryn,Archer,M
Achille,Ozaki,M
Beppe,Rajasthan,M
Vance,Leigh,M
Gerard,Church,M
Paul,Garrick,M
Ralph,Cropper,M
Miles,Belov,M
Curro,Mephesto,M
Alberto,Bradley,M
Jaki,Meacham,M
Haiku,Dundee,M
Kline,Fortune,M
Seaton,Flute,M
Andy,Rosewood,M
David,Halliwell,M
Nick,Corleone,M
Evan,Clearwater,M
John,Thackeray,M
Jack,Soran,M
Tom,Rigazzi,M
Alexei,Brockman,M
Alan,Beckett,M
Barney,Hudson,M
Carlos,Manu,M
Artemus,Scott,M
Adam,Ryan,M
Buckaroo,Volsky,M
Walter,Dean,M
Adam,Spelvin,M
Alejandro,Hally,M
Rocco,Montford,M
Kevin,Meeks,M
Jerry,Heath,M
Leo,Ravenclaw,M
David,Hufflepuff,M
Bo,Perry,M
Steven,Bottoms,M
Peter,Carter,M
Jesse,Purebred,M
Kirk,Delacour,M
David,Falken,M
Frederick,Bagshot,M
Philip,Fellowes,M
Montgomery,Kasen,M
Stone,Barton,M
Jack,Bain,M
Todd,Nash,M
Renfield,Caspar,M
Stanley,Rockford,M
Bernard,Brown,M
Andy,Graham,M
Dayne,Decker,M
Steve,Alpert,M
Tim,Lee,M
Donald,Morgan,M
George,Vendrell,M
Chan,Snyder,M
William,Pike,M
Sasha,Bonasera,M
Eddie,Winslow,M
George,Vallance,M
Enrique,Trudeau,M
Tony,Halliwell,M
Dwight,Barolli,M
Albert,Rojo,M
Jim,Poppins,M
Eddie,Bigelow,M
Giacomo,Webber,M
Justin,Caine,M
Marcus,Wallander,M
Alexei,Reardon,M
Sherlock,Corneo,M
Michael,Sakatsu,M
Axel,Trenton,M
Joel,Takata,M
Melvyn,Bergman,M
Rory,Lopez-Fitzgerald,M
Arnold,McCrary,M
Alex,Cantropus,M
Jimmy,Henderson,M
Victor,Peroni,M
Barney,Scarett,M
Clarence,Decker,M
Roderick,Dean,M
Ray,Ravenclaw,M
Frank,Tai,M
Victor,Corneo,M
Dave,Launer,M
Dickie,Decker,M
Jonathan,Cortez,M
Norbert,Spellman,M
Saito,Wesker,M
George,Lemansky,M
Toby,Crabbe,M
Luke,Sugden,M
Anthony,Graf,M
Paul,Kennedy,M
Daisuke,Dax,M
Paulie,Yang,M
Theo,White,M
David,Morrow,M
Keyser,Trivino,M
Ted,Barnfather,M
Giacomo,Double,M
Giacomo,MacAllister,M
Martin,OBrien,M
Martin,Astin,M
Peter,Thornton,M
Travis,Harrison,M
Dale,Hardbroom,M
Dale,Brockman,M
Mark,Bain,M
Miguel,Fabray,M
Wilfred,Lane,M
Signor,Pulaski,M
Enos,Sage,M
Jack,Bennett,M
Nelson,Ray,M
James,Vector,M
Vijay,Kennedy,M
Guido,Kirk,M
Bumpy,Hort,M
Woody,Granger,M
Trevor,Richards,M
Raoul,Guarnaccia,M
Kevin,Vimes,M
Walter,Maxwell,M
Andy,Sugden,M
Armando,Riggs,M
Citan,Morgan,M
Shane,Peroni,M
Charles,Trent,M
Arnold,Hill,M
Rajesh,Riggs,M
Don,Medlicott,M
Boris,Tsuna,M
Bob,Zarkov,M
Moe,Tsuna,M
Gary,Principal,M
Peyton,McGraw,M
Citan,Seaton,M
John,Scott,M
Carmine,Cropper,M
James,Piquel,M
Ray,Nagre,M
Angelo,Turlough,M
Jay,Prentiss,M
Thomas,Shimura,M
Cameron,Bigelow,M
Sam,Mott,M
Harry,Halliwell,M
Jacques,Major,M
Alec,Thomas,M
Woody,Franklin,M
Joss,McGee,M
Moe,Alexander,M
Rance,Kynes,M
Daniel,Gallardo,M
Martin,Huang,M
Shinwell,Williams,M
Kurt,Halliwell,M
Ronnie,Ravenclaw,M
Spenser,Tam,M
Willie,Moorehead,M
Meyer,Iosefa,M
Alejandro,Mellie,M
Gary,Rivers,M
Julian,Hightower,M
Miles,Cooper,M
Roger,Hale,M
Eddie,Pond,M
Jack,Bennett,M
Jim,Nicolavic,M
Vijay,Scotts,M
Alejandro,Vecchio,M
Harry,Tribbiani,M
Joe,Lonnegan,M
Carlton,Ohayon,M
Yuri,Lazarus,M
Ricardo,Lupertazzi,M
Hal,Caliban,M
Chuck,Hawker,M
Curtis,Troy,M
Kirk,Marley,M
Barney,Littlefield,M
Tom,Lopez,M
Lucky,Crusher,M
Jack,Anderson,M
Vito,Boddicker,M
Raymond,MacLean,M
Paul,Noble,M
Artemus,Freeman,M
Paul,Cork,M
Emmett,Guarnaccia,M
Bernard,Fortunato,M
John,Gently,M
Seamus,Szalinski,M
Tony,Lassiter,M
Ben,Seaton,M
Oscar,Snyder,M
Will,Sallis,M
Fred,Caneili,M
Miguel,Campbell,M
Vijay,Buchanan,M
Alan,Lionel,M
Otis,Valentine,M
Nero,Patterson,M
Tom,Noble,M
Tem,Rain,M
Ward,Thorne,M
Callum,Ranall,M
Velu,Dyson,M
Adam,Chesterfield,M
Jeff,Kolchak,M
Jonathan,Bluenight,M
Jack,Williams,M
Callum,Dorsey,M
Jason,Johnson,M
Sacha,Murphy,M
Will,Marlowe,M
Jeff,OHara,M
Chris,Saint,M
Jay,Hojo,M
Arnold,Manetta,M
William,Dresden,M
Ray,Tabootie,M
Johnny,Selwyn,M
Mark,Patil,M
George,Parker,M
Michael,McNab,M
Harry,Martin,M
Guido,Lopez,M
John,Kennedy,M
Richard,Palmi,M
Steve,Veeteren,M
Vladimir,Sternin,M
Ottilio,Alleyn,M
Peter,Schibetta,M
Tom,Fabray,M
Gary,Elliot,M
Roman,Parker,M
Noonien,Kane,M
Dante,McKay,M
Elvis,Cruger,M
Lloyd,Fortune,M
Ted,Haruko,M
Bill,Granite,M
James,Hamilton,M
Tex,Stein,M
Sonny,Adler,M
Norton,Sanders,M
Mike,McCoy,M
Nick,White,M
Vincenzzo,Khan,M
Lester,Hill,M
Julian,Tam,M
Raoul,White,M
Rodney,Guarnaccia,M
Tom,Allen,M
Reginald,Prefect,M
Tierney,Halliwell,M
Chris,Dedede,M
Avon,Kobayakawa,M
Andy,Tutuola,M
Stephen,Grissom,M
John,McNab,M
Johnny,Daniels,M
Briareos,Dash,M
Signor,Temple,M
Hank,Cao,M
Richard,Wing,M
Elijah,Forelli,M
Stanislaus,Mancini-Corleone,M
Hal,Douglas,M
Don,Robinson,M
Joey,Brunetti,M
Craig,Frye,M
Thomas,Taylor,M
Raylan,Mallory,M
Anthony,Anneke,M
Riley,Fett,M
Shion,Lonnegan,M
Clark,Wright,M
Alphonse,Lockwood,M
Kouzou,Daystrom,M
Theo,Wallace,M
Borat,Cortez,M
Jack,Valentine,M
Jonathan,Tremulous,M
Sam,Carr,M
Joe,Halliwell,M
Casanova,Parker,M
Basil,Potter,M
Curtis,Mephesto,M
Mickey,Zaluchi,M
Hecky,Vimes,M
Don,Lamb,M
Walter,Bennett,M
Artemus,Bergman,M
Stanley,Baley,M
Richard,Valentine,M
Daniel,Maxwell,M
Jin,Mephesto,M
Martin,Atwater,M
Leslie,Corneo,M
Silvio,Mitchell,M
Roy,Kojak,M
Franz,Denton,M
Nino,Haruko,M
Keith,Omovich,M
Stanislaus,MacLean,M
Zen,Bennett,M
Aric,Possible,M
Gene,Rawls,M
Joseph,Yang,M
Amos,Harris,M
Julian,OHara,M
Cedric,Green,M
Neil,Peroni,M
Jerry,Carver,M
Mike,Clarke,M
Martin,Soran,M
Cameron,Moss,M
Jake,Morgan,M
Paul,Stacy,M
Caesar,Magliozzi,M
Paul,Millman,M
Evan,Turnbull,M
Tony,Jenkins,M
Lloyd,Morrow,M
Dan,Zasa,M
Fred,Petrie,M
Reed,Cuneo,M
Nicky,Chino,M
Simon,Drew,M
Jack,Gideon,M
Thomas,Smart,M
Phil,McCall,M
Frank,Lane,M
Michael,Space,M
Joseph,McKinnon,M
King,Sugden,M
Paul,Cobb,M
Artemus,Riggs,M
Casanova,Petrelli,M
Artemus,Orwell,M
Hyman,Moses,M
Ellery,"La Forge",M
Elijah,OHara,M
Ben,Lawson,M
Edward,Eckhardt,M
Marcello,Sparazza,M
Wilson,Bennett,M
Clark,Miller,M
Jack,PiNeiro,M
David,Hammer,M
Morgan,Johnson,M
Ben,Stanfield,M
Ronnie,Sanderson,M
Ben,Cavor,M
Garryn,Brown,M
Primo,Adams,M
V?ctor,Caxton,M
Andy,Cage,M
Vito,Cacuzza,M
Warren,Knight,M
John,Chino,M
Tim,Holliwell,M
Mickey,Tachikawa,M
Cameron,Spellman,M
Milo,Fairfax,M
James,Ogg,M
Jack,Hawker,M
Mickey,Riley,M
Stringer,Bottom,M
Dan,Falfa,M
Cedric,"De Lena",M
Buzz,Hare,M
Anthony,Manu,M
Jesse,Guarnaccia,M
Dirk,Banner,M
Fred,Denoon,M
Bigby,Vallance,M
Joe,Weir,M
Sam,Lang,M
Gennady,Kammerer,M
Hyman,Tonks,M
Sasha,Grace,M
Zenigata,Kobayakawa,M
William,Snyder,M
Curtis,Douglas,M
Mickey,Yamamoto,M
Luis,Smythson,M
Sam,Hernandez,M
Alan,Winslow,M
Tubby,Coltrane,M
James,Frost,M
Fred,Requer,M
Vance,Vincent,M
Henry,Bottom,M
Isaac,Tanner,M
Santiago,Urth,M
Alejandro,Vane,M
Norton,Corsi,M
Shiro,Taylor,M
Quito,Delaware,M
Mickey,Chesterton,M
David,ONeill,M
Stone,Granite,M
Nino,Sturgis,M
Nohar,Taylor,M
Todd,Harland,M
Mark,Zatara,M
Dayne,Flowerstink,M
William,Harrison,M
Henry,Shepherd,M
Frank,Lassard,M
Lloyd,Brocklehurst,M
Don,Dawson,M
Toby,Napier,M
Gennady,Lerrol,M
Marty,Ventura,M
Matt,Day,M
Cross,Marquez,M
Joel,Torini,M
Armando,Cox,M
Roger,Caffery,M
Oliver,Olemaun,M
Andy,Wainthropp,M
Dick,Sykes,M
Leo,Neutron,M
Jimmy,Sanderson,M
Eddie,Sawyer,M
Andy,Havers,M
Buckaroo,Baxter,M
Walter,Rush,M
Silvio,Silvermane,M
Freddie,"De Lena",M
Tom,Robins,M
Darryl,Soze,M
Andy,Tanner,M
Jackson,Clancy,M
Benton,Space,M
Anton,Scott,M
Max,OMalley,M
Victor,Matthews,M
Frank,Canlaster,M
Silvio,Profitt,M
Tem,Johnson,M
Ben,Atwater,M
Joe,Trevelyan,M
Rosco,Burns,M
Anthony,Arden,M
Kinman,Brunetti,M
Salvo,Kiriakis,M
Vincent,Lopez,M
Gary,Dyson,M
Stone,Polin,M
Miles,Sinclair,M
Julian,Tura,M
Phil,Wayne,M
Ian,Hutt,M
Spiros,Leotardo,M
Jocko,Weir,M
Norton,Suresh,M
Gil,Taylor,M
Ronnie,Luthor,M
Justin,Fuse,M
Selsdon,Rubini,M
Curtis,Fraser,M
Shahrukh,Quince,M
Gregory,Garlick,M
Danny,Ramsey,M
Andy,Rook,M
Sonny,Carter,M
Uri,Lionel,M
Hagbard,Audran,M
Tochiro,Drum,M
Eddie,Diamond,M
John,Tau,M
Matt,Lupertazzi,M
Donald,Adams,M
David,Costigan,M
Rick,Thorne,M
Noonien,Cardenas,M
Chick,West,M
Cross,Bennett,M
Sal,Flinstone,M
Michael,Dallas,M
Tobias,Robbins,M
Sam,Rooney,M
Christopher,Brockman,M
Art,Mars,M
Sam,Gaskell,M
John,Grainger,M
Sam,Atwater,M
Stan,Webster,M
Reginald,Vaughn,M
Willie,Wesker,M
Frederick,Jones,M
Clark,Preston,M
Kakihara,Threep,M
Bumpy,Rosenberg,M
Bill,Shand,M
Signor,Redding,M
Carlos,ONeill,M
Constantin,Anneke,M
Vito,Powell,M
Alexei,Brocklehurst,M
Darcy,Osborne,M
Jango,Pitts,M
Julius,Grant,M
Abe,Littlefield,M
David,Wolf,M
Harry,Stewart,M
Jason,Jovanovic,M
Cuthbert,Omovich,M
Wilson,Foster,M
Art,Canfield,M
Primo,Harding,M
Wendell,Brown,M
Chris,Sanders,M
Max,Spencer,M
Nero,Nayagan,M
Paul,Magnus,M
Stuart,Branning,M
Kirk,Archer,M
Chucky,Miller,M
Stanislaus,Swann,M
Jay,Camonte,M
Julian,Kaiser,M
Vic,Pinzolo,M
Woodsy,Mitchell,M
Kyle,Banzai,M
Nicky,Klump,M
Matt,Flinstone,M
Ray,Jackson,M
Rainier,Adamsberg,M
Eddie,Potts,M
Vijay,Jury,M
Sam,Martin,M
Anthony,Pullman,M
Cross,Milo,M
Buck,Wilde,M
John,Handford,M
Randy,Lucas,M
James,McCartney,M
Lou,Lockwood,M
Alexei,Schillinger,M
Giacomo,Serrano,M
Frank,Blake,M
Stan,Nappa,M
Emil,Macdonald,M
Emil,Engarde,M
Robert,Vargas,M
Cyrus,Sisco,M
Vance,Harrington,M
Tristan,Blossom,M
Fred,Thomas,M
Ernie,Lane,M
Peter,Nelson,M
Todd,Sanderson,M
George,Thompson,M
Hercule,Hills,M
Holt,Cod,M
Paul,Zarkov,M
Eddie,Forrester,M
Yusuke,Preston,M
Benjamin,LeStrange,M
Harry,McGraw,M
Shiro,Thorne,M
Richard,Flinstone,M
Victor,Fleming,M
Dirk,Ozaki,M
Phil,Wylie,M
Tem,Dawson,M
Abe,Hamilton,M
Elvis,Murphy,M
Paul,Rocco,M
Yuri,Provenza,M
Leland,Trudeau,M
Jack,Lynch,M
Casanova,Cartwright,M
Enrique,Smyth,M
Nino,Maroni,M
Edward,Donnelly,M
Hyman,Corleone,M
Jake,Burrell,M
Jonathan,Sionis,M
Blair,"von Uberwald",M
Peter,Wallace,M
Andy,Lopez,M
Barry,Mephesto,M
Don,McCrary,M
Cross,Salieri,M
Jay,Doland,M
Jack,Waterfield,M
Vernon,Beckett,M
Don,Brady,M
Lou,Ichi,M
Henry,Fuhrey,M
Robert,Spratt,M
Alan,Kohran,M
Achille,Cameron,M
King,Brady,M
Russell,Gabriel,M
George,Riggs,M
Don,Starveling,M
Kurt,Bash,M
Laszlo,Hastings,M
Marid,Stewart,M
Horatio,Roberts,M
David,Riviera,M
Ed,Rearden,M
Walter,Rockatansky,M
Jackson,Martinelli,M
Fin,Jimmy,M
Sal,Barolli,M
William,Fairhead,M
Brad,Parker,M
Chick,Ash,M
Lloyd,Brockman,M
Charlie,Cooper,M
Jimmy,Gabriel,M
Rex,Ortega,M
George,Costello,M
Marcus,Jackson,M
Don,Lockwood,M
Max,Taggart,M
Phil,Belden,M
Eddie,McGrew,M
James,Frye,M
Boris,Maroni,M
Tom,Kelso,M
Harry,Dallas,M
Sam,Moss,M
Thomas,Xavier,M
Mike,Larsen,M
Jiveshwar,Evans,M
Mel,Bell,M
Maynard,Von,M
Louis,Drama,M
Slam,"De Lena",M
Jimmy,Wylie,M
Hecky,Stone,M
Alan,Clouseau,M
Victor,Sinclair,M
Mark,Abbot,M
Damian,Robins,M
Tony,Smiley,M
Walter,Bachchan,M
Guy,Miller,M
Joey,Dorsey,M
Lyan,Skelton,M
Walter,Spade,M
Artemus,Knight,M
Stringer,Thirteen,M
Wilfred,Sugden,M
Sal,Tsujimoto,M
Paul,Omovich,M
Rick,Franklin,M
John,Mitchell,M
Rex,MacLeod,M
Alan,Strange,M
Rob,Waturs,M
Cross,Denoon,M
Benton,Sigel,M
Chris,DAmico,M
Tom,McNab,M
Peter,Spellman,M
Elvis,Costello,M
Marvin,Queen,M
Tom,Quince,M
Lloyd,Tate,M
Henry,Jackson,M
Wilfred,Vane,M
Paul,Stracci,M
George,Givens,M
Eddie,Skye,M
Harry,Dean,M
Charles,Tony,M
Thomas,Ravenclaw,M
Jacques,Cropper,M
James,Dundee,M
Cal,Boxer,M
Robert,Spellman,M
Joe,Iverson,M
Nick,Rivers,M
Dirk,Jackson,M
Frank,Dennis,M
Jesse,Justice,M
Lucky,Allen,M
Richie,Gharty,M
Sheldon,John,M
Damian,Winslow,M
Domenico,Glicker,M
Jimmy,Wong,M
John,Lee,M
Alex,John,M
Jiji,Caprice,M
Tom,Falcon,M
Kurt,Jones,M
Velu,Bennett,M
Antonio,Oyama,M
Ronnie,Dingle,M
Jason,Walker,M
Ford,Templin,M
Peter,Canfield,M
Van,Franchetti,M
Frank,Brockman,M
Michael,Zatara,M
David,Beckett,M
David,Dennis,M
Santino,Bennett,M
Hari,Andonuts,M
Simon,Brockway,M
Sonny,"von Uberwald",M
John,Colbert,M
Shinwell,Brady,M
Charlie,Barclay,M
Charlie,Ripstein,M
Mickey,Fidelma,M
Sheldon,Dalton,M
Ben,Tennison,M
Santino,Hawker,M
Benton,Rooney,M
George,Scott,M
Gary,Mephesto,M
Daniel,Schibetta,M
Vijay,Spellman,M
Harold,Bowles,M
Snapper,DiMera,M
Fred,Malcolm,M
Marty,Chesterton,M
Kymani,Robbins,M
Victor,Vimes,M
Andy,Guarnaccia,M
Charles,Barclay,M
Dale,Snyder,M
Avon,Neri,M
Tolian,Bennet,M
Leonid,Barnfather,M
Antonio,Cork,M
Norman,Halliwell,M
Stanislaus,Drew,M
James,Sinclair,M
Norton,Hubbard,M
Victor,Morris,M
Tom,Dundee,M
Jack,Higby,M
James,Petrie,M
Hal,Cabot,M
Tom,McHuwen,M
Ted,Marvin,M
Tony,Harrington,M
Mike,Parrish,M
Alan,Billa,M
Minami,McArthur,M
Matthew,Dagg,M
Akira,Henderson,M
Francis,Stone,M
Tem,LeStrange,M
Peter,Dawson,M
Tyler,Sanchez,M
Raymond,Mannheim,M
Roland,Sweets,M
Kit,Carlos,M
Shawn,Brockway,M
Caesar,Malfoy,M
Roland,Lewis,M
Ethan,Glicker,M
Elvis,Royle,M
"Brick Top",OBannon,M
Carmine,Capone,M
Hal,Lino,M
Gabriel,Price,M
Jake,Bradley,M
Theo,Lopez-Fitzgerald,M
Ronnie,Wong,M
Basil,Milestone,M
Philip,Reardon,M
Geordi,Trapani,M
Jimmy,Brown,M
Cross,Dingle,M
Theo,Vimes,M
Jack,Cherrytree,M
Thomas,Larkin,M
Kurt,Hedley,M
Oswald,Handley,M
Louie,Moorehead,M
Rob,Lockwood,M
Larry,Adams,M
Grant,Whitefield,M
Ray,Blossom,M
Oliver,Licalsi,M
Alex,McGonagall,M
Victor,Wildhack,M
Spats,Buchanan,M
Ronnie,Turtle,M
Haiku,Lang,M
Art,Ranall,M
Craig,Havers,M
Clayton,White,M
Stefano,Gabriel,M
Sean,OMalley,M
Jimmy,Stewart,M
Chucky,Schwarzheimer,M
Matthew,Frankenstein,M
Tom,Fitz,M
Andy,Lopez-Fitzgerald,M
James,Farley,M
Harry,Leone,M
Tony,White,M
Jake,Stewart,M
Joey,Montford,M
Lonnie,Lonnegan,M
Yuri,Churchill,M
Leander,Xavier,M
Larry,Malvern,M
Henri,Belski,M
Herr,Hoare,M
Noriyasu,Robbins,M
Marlo,MacGyver,M
Corrado,Capone,M
Wayne,FUnke,M
Axel,Denton,M
Ed,Coltrane,M
Manick,Smythson,M
Al,Lewis,M
Michael,Che,M
Lloyd,Birkin,M
Jack,McArthur,M
Al,Heat,M
Neil,Cale,M
Don,Sunen,M
Eddie,Weathers,M
Carlos,Lionel,M
John,McAllister,M
Mel,Carlos,M
Arnold,Clearwater,M
Fred,Dingle,M
Art,Sindone,M
Tom,Leone,M
Gianni,Disher,M
Jake,"De Lena",M
Jack,McLaren,M
Bernard,Grant,M
Jesse,Vimes,M
Damon,Fairfax,M
Antonio,Donovan,M
George,Kane,M
Jim,Mephesto,M
Jay,Tanner,M
Roger,Burbank,M
Julien,Chino,M
Lennie,Zatara,M
Richard,Threep,M
Don,Doggett,M
Jim,Milo,M
Frankie,Thomas,M
Bolivar,Randall,M
Will,Chandler,M
Hal,Kaiser,M
Clark,Lonsdale,M
Kenny,Serizawa,M
Michael,Tabootie,M
Tem,Moreland,M
Nicky,Prefect,M
Anthony,Scully,M
Jacques,Croydon,M
Caesar,Iosefa,M
Stuart,McFly,M
Ian,Iosefa,M
Bolivar,Lockwood,M
Edgar,Vector,M
Thomas,LeStrange,M
Henry,Cobb,M
Rico,Hillard,M
Milo,Wesley,M
Leslie,Farley,M
George,Carlyle,M
Leo,Sullivan,M
Ronnie,Thorne,M
Douglas,Owens,M
Jim,Stewart,M
Mycroft,Fitz,M
Malik,Burdock,M
Kazuki,Hoare,M
Basil,Brockman,M
Mickey,Spellman,M
John,Waterfield,M
Lucky,White,M
Dorian,Vondopoulos,M
Ben,Mephesto,M
Andrew,Reilly,M
Giacomo,Randall,M
Carmine,Speedman,M
Reginald,George,M
Frederico,Lerrol,M
Thomas,Soap,M
Carlos,Harrison,M
Chucky,Brikowski,M
Richard,Wildhack,M
Ted,Powers,M
Bruno,Knight,M
Chris,Kitka,M
Grant,Hernandez,M
Marsellus,Falcone,M
Adam,Freamon,M
Peter,Dean,M
Abe,Ogawa,M
Alex,Burbage,M
Jack,Stark,M
Carmine,Willing,M
Martin,LeStrange,M
Bill,Dax,M
Michael,Bruckshot,M
Buddy,Sugden,M
Jimmy,Boyd,M
Harvey,"di Marco",M
Arjen,Kent,M
Chen,Robert,M
Jin,Vaughn,M
Curro,Preston,M
Leon,Macdonald,M
Henry,Spellman,M
Sam,Mills,M
Sam,Redfield,M
Giacomo,Greer,M
Javier,Snout,M
Frank,Masucci,M
Frank,Aceveda,M
Andy,Allan,M
Joe,Daggett,M
Maxim,Grayson,M
Harry,Fife,M
Marty,Fox,M
Gregory,Seldon,M
Tex,Roth,M
Sam,Carver,M
Ryuichiro,Taylor,M
Simon,Vimes,M
Tristan,Pomfrey,M
Jack,Sprockett,M
Ronnie,Pulaski,M
John,Tura,M
Jacques,Kojak,M
Salvatore,Torres,M
Peter,Tully,M
Cal,Savage,M
Vincent,Otley,M
Harry,Bigelow,M
Wellington,Fitz,M
Jaki,Tutuola,M
Samuel,Cherrytree,M
Vislor,Sagdiyev,M
Peter,Meedhan,M
Cross,Halliwell,M
Rex,Clericuzio,M
Peter,Moses,M
Gary,Banks,M
Peter,Alvarez,M
George,Malfoy,M
Eddie,Fowler,M
Tony,Double,M
Stephen,Corrigan,M
Don,Brown,M
Cletus,Punchinello,M
Signor,Johnson,M
Paul,Mitchell,M
Gary,Burdock,M
Frank,Owens,M
Lloyd,Nesmith,M
Jake,Addy,M
Kenny,Milbury,M
Achille,Thomas,M
Thomas,Newman,M
Aldo,Lang,M
Callum,Johnson,M
Brian,McEvoy,M
Stuart,Caprice,M
Lucky,Ramsey,M
Les,Rudd,M
Adam,McFly,M
Kurt,OHara,M
Eddie,Hammer,M
Mike,Levinson,M
Don,Mason,M
Bernard,Drake,M
Paul,Johnson,M
Misao,Thorndyke,M
Beppe,Parrish,M
Sam,Pike,M
Eddie,Greene,M
Jimmy,Anderson,M
Jean-Baptiste,Bass,M
Indiana,Iosefa,M
Jack,Flinstone,M
Rosco,McGraw,M
Hecky,Diaz,M
Vito,Falconeri,M
Brick,Nederlander,M
Chris,Vargo,M
Ben,Cooper,M
Julio,Lawson,M
Lyan,Haruko,M
John,Anderson,M
Tom,Arrowsmith,M
Evan,Raynor,M
Tom,Freamon,M
Frederick,"Van Helsing",M
Brian,Lopez-Fitzgerald,M
Garryn,Handley,M
Angelo,Prentiss,M
Marcus,Landsman,M
Jiveshwar,Frobisher,M
Casanova,Tsuna,M
Jim,Grant,M
Arjen,Blake,M
Ford,Owens,M
Roman,Claibourne,M
Ben,Fraser,M
Andy,Stone,M
Jack,Ridolph,M
John,Lejeune,M
Martin,Overstreet,M
Sam,Moss,M
Casanova,Littlefield,M
Lloyd,Matthews,M
Paul,Lord,M
Harris,Green,M
Louie,Capone,M
Will,Fabray,M
Aric,Rosewood,M
Vito,Fabray,M
Jefferson,Falcone,M
Pat,Owens,M
Daneel,Garrett,M
Harry,Beckett,M
Don,Space,M
Freddy,Starsmore,M
Rex,Holmes,M
Shion,Fairweather,M
Thomas,Lindley,M
Indiana,Peabody,M
Joseph,Graham,M
Benjamin,Ka-kui,M
William,Scotts,M
Carl,Scotts,M
Rupert,Kane,M
Robin,Sanchez,M
Elvis,Babbling,M
Jerry,Powers,M
Phil,Waturs,M
Jamie,Pianta,M
Bernard,Halifax,M
Henry,Huang,M
Joe,Disher,M
Burr,Page,M
Philip,Donahue,M
Mickey,MacAllister,M
Johnny,McAllister,M
Jack,"di Marco",M
John,Witherdale,M
Trevor,Schwarzburger,M
Jack,Underwood,M
Philip,Hojo,M
Duncan,Bosch,M
Thomas,Brown,M
Andy,Roland,M
Tommy,Stottlemeyer,M
Peter,Treskovna,M
Stephen,Summers,M
Alan,Davis,M
Vislor,Ichi,M
Lex,Tabak,M
George,Sena,M
Guy,Lodge,M
John,Kendall,M
Al,Brownlee,M
Jean-Baptiste,Jenkins,M
William,Jones,M
Moe,Waters,M
Alan,Cameron,M
Carmine,Fabray,M
Caesar,Nessman,M
Nohar,Lamb,M
Phil,Lang,M
Lloyd,Edgecombe,M
Daniel,Scott,M
David,Orlock,M
Bruce,Barzini,M
Will,Crane,M
Marty,McGee,M
George,Rockford,M
Anthony,Landsman,M
Simon,Heriot,M
Wayne,Maximoff,M
Dayne,Lynch,M
Eddie,Wagenbach,M
Jack,Stone,M
Thomas,Ramsey,M
Aric,Tucker,M
Tulio,Hastings,M
Artemus,Vogelsang,M
Vincent,Ross,M
Guy,Kruse,M
Peter,Lynley,M
Briareos,Rosetta,M
Mickey,Ross,M
Noonien,Knute,M
Jack,Roberts,M
Justin,Tsuna,M
Ricardo,Chester,M
Fred,Mancini-Corleone,M
Miles,Taylor,M
Selsdon,Leela,M
Joe,Brady,M
Sam,Seta,M
Ben,Kent,M
Kevin,Kent,M
Gregory,Wheeler,M
Henry,Daggett,M
Jay,Turpin,M
Buzz,Anneke,M
Jack,Beckett,M
Ben,Donahue,M
Alpa,Ramsey,M
Kazuki,Ray,M
Bryan,Reed,M
Chuck,Strange,M
Meyer,Spellman,M
Dan,Crockett,M
Cletus,Fabray,M
Jack,Bergman,M
Robert,Kasen,M
Stanislaus,Rice,M
Jackson,Kennedy,M
Troy,Zatara,M
Knox,Lee,M
Jamie,Riley,M
Robin,Van,M
Brad,Cotter,M
Harry,Lucas,M
Quito,Nash,M
Don,Omovich,M
Cal,Freeman,M
Rajesh,Wilson,M
George,Principal,M
Kenny,Franco,M
Ethan,Dax,M
Steven,Antony,M
Cal,Powers,M
Nicky,Zale,M
Avon,Kent,M
David,Mitchell,M
Snapper,Leon,M
Holt,Anders,M
David,Hoare,M
Zack,Drew,M
Richard,Taylor,M
Stan,Alvin,M
Jango,Willing,M
Simon,Schrute,M
Jefferson,McCrimmon,M
Charlie,Spratt,M
Frank,Enrico,M
Alex,Sprockett,M
Kurt,Zapatti,M
Mickey,Dent,M
Joey,Carrington,M
Tom,Medford,M
Rosco,Brennan,M
Abraham,Meacham,M
Joel,Duncan,M
Neil,Verma,M
Harris,Macdonald,M
Simon,Anneke,M
Jack,Caspar,M
Neville,Derwent,M
Milo,Farrell,M
Shion,Hagen,M
Barry,Fellowes,M
Mendy,Foley,M
Leo,Turlough,M
Charlie,Pope,M
Gary,Gharty,M
Joel,Taylor,M
Frank,Hoare,M
Tulio,Boddicker,M
Carlito,Raziel,M
Paul,Battersby,M
Guy,Tyrell,M
Alex,DAmico,M
Sasha,Lane,M
Lou,Osterman,M
Paulie,Boddicker,M
Clay,Sturgis,M
Ted,Martinelli,M
David,McAllister,M
Todd,Tankinson,M
Daniel,Caxton,M
Wayne,Kane,M
Ben,Maroni,M
Edward,Moorehead,M
Kent,Jacobs,M
Richard,Arroway,M
Simon,Edwards,M
Cash,Komov,M
Tom,Yurinov,M
Guy,Kent,M
Mark,Leigh,M
Zefram,Thomas,M
Otis,McGraw,M
Peter,Provenza,M
Sam,Jackson,M
Briareos,Larsen,M
Tom,McAllister,M
Clark,Mancini-Corleone,M
Neil,Hedley,M
Chucky,Lem,M
Anthony,Moses,M
Bryan,Burdock,M
Don,"de Souza",M
Thomas,Omovich,M
Larry,Vance,M
Ben,Owens,M
Avon,Prentiss,M
Jeffrey,Marlowe,M
Vinnie,Andrews,M
Signor,Larkin,M
Avon,Travis,M
Adam,Lopez-Fitzgerald,M
Chuck,Lewis,M
Maxim,Boddicker,M
Jay,Silly,M
Alberto,Polford,M
Ray,Lawson,M
Dante,Brown,M
Buddy,Lydecker,M
Lucky,Carver,M
Jake,Morello,M
Alberto,Luthor,M
Mohinder,Allen,M
Michael,Grissom,M
Peter,Rojo,M
Willie,Duncan,M
Martin,"De Lesseps",M
Mac,French,M
Lao,Fraser,M
Anthony,Orville,M
William,Buzzard,M
Leo,Alvin,M
Tony,John,M
Jack,"St. Clare",M
Henry,Schillinger,M
Salvo,Arroway,M
Charles,Caine,M
Vislor,Colombo,M
John,Robert,M
Teddy,Withers,M
Jack,Garrett,M
Peter,Brown,M
Dirk,Zukovsky,M
Freddy,Silvermane,M
Frank,Moonshine,M
Danny,Wexford,M
Emerson,Allen,M
Dick,Halliwell,M
Toby,Smith,M
Jonathan,Zapatti,M
Zefram,Flute,M
Richard,Sugden,M
Hyman,Marlowe,M
Jon,Peace,M
Eddie,Van,M
Jack,Quatermass,M
Frank,Kirby,M
Ernest,Maxime,M
Roy,Martinelli,M
Martin,Russo,M
Geordi,Banzai,M
Stanley,Burnett,M
Snapper,Henderson,M
Jefferson,Landsman,M
Don,Patrick,M
Paul,Gently,M
Paul,Beckett,M
Caesar,MacLean,M
Ben,Rabbit,M
James,Schibetta,M
Tony,Ramsey,M
Jesse,Deckard,M
Jerry,Trask,M
Peter,Rebus,M
Lennie,Bartlet,M
Franz,Vecchio,M
Billy,Hallow,M
Henry,Banzai,M
Raylan,Sugden,M
Bumpy,Willis,M
Joss,Page,M
Avon,Magliozzi,M
Kit,Spellman,M
Mel,Corleone,M
Joe,"de Castro",M
Jack,Buck,M
Hrundi,Fisher,M
Wilfred,Boxer,M
Giacomo,Falcon,M
Abraham,Kane,M
Artemus,Dax,M
Marvin,Cool,M
Kinman,Gardocki,M
Seaton,Delacour,M
Kinman,Snyder,M
Tom,Tyler,M
Jeremiah,Yurinov,M
Phil,Hollins,M
Jeff,Bolt,M
Daniel,Anderson,M
Art,Castang,M
Dale,Vercetti,M
Hecky,Atwater,M
Guido,Davenport,M
Joseph,Brockman,M
Henry,Powers,M
Joel,Diamond,M
Tulio,Maroni,M
Mickey,Tsuna,M
Harry,Hogg,M
Douglas,Gottwald,M
William,Lang,M
Barney,Parlabane,M
Elijah,Rothstein,M
Tom,Ranall,M
Tony,Appleton,M
Lloyd,Morgan,M
Nicky,Denning,M
Marcelino,Thorndyke,M
Phil,Jovanovic,M
Rex,Drew,M
Casanova,Halliwell,M
Danny,Umbridge,M
Casanova,Costello,M
Henry,Cooper,M
Frederick,Lee,M
Tim,Vinopan,M
James,Frobisher,M
Chris,Thackeray,M
Marlo,Langshaw,M
Tom,Dawson,M
Vincent,Potter,M
Gerard,Stillman,M
Charles,Seta,M
Todd,Brockman,M
Peyton,Zapatti,M
Roman,Sendo,M
Brad,Zasa,M
Tom,Russo,M
Michael,Cochrane,M
Nick,Rhodes,M
Jake,Stanfield,M
Sam,Winslow,M
Selsdon,Jessup,M
Achille,Brennan,M
Fin,Light,M
Jason,Olemaun,M
Santino,Green,M
Eric,Cropper,M
Tony,Thomas,M
Jimmy,Khan,M
Damian,Hubbard,M
Robert,"von Uberwald",M
Rex,Glicker,M
Tierney,Watson,M
Sam,Strange,M
John,Smith,M
Joss,Morris,M
Joe,Franklin,M
Armando,Alvin,M
Olwyn,Perry,M
Jefferson,Soap,M
Neil,Wolfe,M
Walter,Pullman,M
Charles,Tattaglia,M
Alan,Webster,M
Dick,Grant,M
Wayne,Spellman,M
Alex,Hankle,M
Joseph,Maroney,M
Dan,"Von Doom",M
Douglas,Grissom,M
Nicky,Aitoro,M
Steven,Asplund,M
Evan,Plinge,M
Jeff,Boyce,M
James,Abbot,M
Jack,Halliwell,M
Christopher,Magliozzi,M
William,Savage,M
Adam,Lindley,M
George,Smyth,M
Victor,Sosa,M
Johnny,Speedman,M
Kakihara,Holden,M
Bobby,Nanny,M
Fred,Sydnor,M
Stuart,Vincent,M
Bill,Potts,M
Nick,Clarke,M
Tristan,Vale,M
Riley,Soong,M
Rajesh,Omovich,M
Walter,Blocksberg,M
John,Cackle,M
Richard,Munson,M
Luke,Hojo,M
Harry,Strong,M
Rex,Thomas,M
Johnny,Taylor,M
Aniki,McCoy,M
Angus,Taylor,M
Sam,Travis,M
Gianni,"Van Tassel",M
Edward,Sullivan,M
Arnold,Hutt,M
Roman,Barksdale,M
John,Walker,M
Amitabh,Larsen,M
Amos,White,M
Alan,Brigante,M
Morgan,Sullivan,M
Stuart,Givens,M
Casanova,Carlyle,M
Adam,Magnum,M
Michael,Kane,M
Donald,Brown,M
Mark,Skye,M
Raylan,Carling,M
Julian,Cox,M
Rico,Brady,M
Roderick,Murtaugh,M
Lex,Brockman,M
Hal,Vondopoulos,M
Basil,Nona,M
Rico,Crane,M
Sonny,Stockmann,M
Sam,Wallander,M
Charlie,Swift,M
Harry,Ranall,M
Zachary,Bakshi,M
Harry,Crabbe,M
Jason,Gordon,M
Bill,Scotts,M
Ben,Wolfcastle,M
Arnold,Carling,M
Ford,Aitoro,M
Joe,Vane,M
Anthony,Corbie,M
Abe,Luca,M
Peter,Henry,M
Ross,Blake,M
Leonard,Emmerich,M
Eddie,Moses,M
Salvatore,Bardo,M
Buddy,Hill,M
Mendy,Farrell,M
Grant,Indelicato,M
Avon,Roberts,M
Matt,Manu,M
Hrundi,Strange,M
Harry,Brady,M
James,Jameson,M
Buford,Martin,M
Leon,Willing,M
Jacques,Schwarzburger,M
James,Stenbeck,M
Jonathan,Newsworthy,M
Michael,Chase,M
Nohar,Hughes,M
Jake,Falcone,M
Emil,Owens,M
King,Shore,M
Kingo,Bottom,M
Jacques,Kingdom,M
Bobby,Kendall,M
Danny,Cooper,M
Martin,Frye,M
Cedric,Bigelow,M
Stephen,Moreland,M
William,Skilbeck,M
John,Tutuola,M
Ryan,Bradford,M
Sam,Brockman,M
Peter,Drake,M
Carmine,Zucco,M
Snapper,Hopper,M
Bobby,Whale,M
Subhash,Blake,M
Carlos,Urth,M
Harry,Quince,M
Daniel,Kent,M
Gerard,Serrano,M
Scott,Mowbray,M
Norman,Crabbe,M
Marid,Addy,M
Ben,Taylor,M
Kirk,Forelli,M
Cash,Verma,M
Jake,Lindley,M
Sam,Towne,M
Roman,Clarke,M
Eddie,Antony,M
V?ctor,Serrano,M
Hal,Gorbovsky,M
Joe,Bradley,M
Ronnie,Clericuzio,M
Jake,Thevenet,M
Martin,McCartney,M
Ellis,Michaelson,M
Bo,Fisk,M
Hiroshi,Langshaw,M
Alexei,Jaffe,M
Andy,Dean,M
Mendy,Platter,M
Chris,Morris,M
Harry,Barclay,M
Sylvester,Rawling,M
Langdale,Robert,M
Stuart,Rudd,M
Clancy,Morgan,M
Christopher,Weber,M
Brian,Rosenberg,M
Don,Cobb,M
John,Nelson,M
Carmine,Fish,M
Paul,Riviera,M
Jay,Parker,M
Marlo,Fier,M
Alan,Lawson,M
Jack,Goodwin,M
Mark,Jonas,M
Elvis,Taylor,M
Rico,Langton,M
Paul,Zaluchi,M
Nicky,Jenkins,M
Lloyd,Bayles,M
Hank,Feedbag,M
Seiryo,Owens,M
Bolivar,Sawyer,M
Alan,Croft,M
Jeff,"Von Doom",M
Cletus,Sprout,M
Harry,Principal,M
Tom,Valchek,M
Jackson,Parker,M
John,Boyle,M
Roy,Salieri,M
Sonny,Hedley,M
Gregory,Arden,M
Sam,Vincent,M
Stefano,Alvin,M
Domenico,Donahue,M
Enrique,ORourke,M
Johnny,Juntao,M
Bruce,Leon,M
Hagbard,Daniels,M
Phil,Bell,M
Lewis,Crabtree,M
Jefferson,Blake,M
Neil,Yamamoto,M
Gary,Weathers,M
Miguel,Henderson,M
Jack,White,M
Eddie,Snyder,M
Andy,Quirk,M
William,Vinopan,M
Steve,Vecchio,M
Shane,Napoli,M
Langdale,Marino,M
John,Altobello,M
Andy,Yurinov,M
Robert,Flinstone,M
Michael,Sprockett,M
Riley,Banzai,M
Avon,Indelicato,M
Jim,Meeks,M
Jesse,Sands,M
Lyan,Sharma,M
Cedric,Falken,M
Ronnie,Spano,M
Jerry,Camonte,M
Benjamin,Fidelma,M
Frederick,Sugden,M
Alan,Richards,M
Teddy,Nederlander,M
Jesse,Lowe,M
Paul,Pond,M
Chris,Coon,M
Leslie,Espinosa,M
Kingo,Russo,M
Shion,Agasa,M
Bill,Cotter,M
Tim,Bartlett,M
Russell,Baxter,M
Alan,Loeb,M
Doyle,Stockmann,M
Francis,Morrow,M
Roderick,Lawson,M
Sam,Garrick,M
Uri,Dahl,M
Oswald,Ravenclaw,M
Fred,Lynch,M
Sam,Jackson,M
Leonard,Steelgrave,M
Hal,Redfield,M
Cal,Soran,M
Alan,Holroyd,M
Ted,Hecatonchires,M
Ellery,Morales,M
Stanley,Willows,M
Ray,Wheeler,M
Max,Stape,M
Joey,Lopez,M
Bernard,Hamilton,M
Kirk,Disher,M
Benton,Barnaby,M
Otis,Wright,M
Oliver,Kolchak,M
Tristan,Fleming,M
Jiveshwar,Miller,M
Saito,Henderson,M
Tex,Munson,M
Jesse,Bartlet,M
Buck,Kasen,M
George,Garrison,M
Cliff,Smith,M
Morgan,Santoro,M
Nick,Stottlemeyer,M
Reginald,Marvin,M
Paul,Andrews,M
John,Corsi,M
Gene,Scott,M
Hecky,Spaceman,M
Ronnie,Lucchesi,M
Callum,Cooper,M
James,Grant,M
Andy,Wexford,M
Elijah,Marlowe,M
Gregory,Tutuola,M
Nino,Denton,M
William,Beck,M
Roderick,Riviera,M
Chris,Kuroda,M
Paul,"De Lena",M
Alphonse,ONeill,M
Jake,Banzai,M
Zenigata,Overstreet,M
Indiana,Halliwell,M
Michael,Breaker,M
Anthony,Krueger,M
Paul,Bloom-Wood,M
Hank,Hill,M
Truman,Scudder,M
Paul,Schultz,M
Frank,Lassiter,M
John,Guarnaccia,M
Nero,Greer,M
Frank,Angie,M
Ray,Morgan,M
Wendell,Kasen,M
Constantin,Pullman,M
Jeff,Hopper,M
Todd,Dallas,M
Thomas,Smith,M
George,Sawyer,M
Bo,Darby,M
Eddie,Drake,M
Morgan,McCrary,M
Sam,OHara,M
Charlie,Neutron,M
Armando,Matthews,M
